{
  "project_info": {
    "project_number": "1037591760771",
    "project_id": "my-crew-1a333",
    "storage_bucket": "my-crew-1a333.appspot.com"
  },
  "client": [
    {
      "client_info": {
        "mobilesdk_app_id": "1:1037591760771:android:545464df8db4ddeddeb0b6",
        "android_client_info": {
          "package_name": "com.dana.my_crew"
        }
      },
      "oauth_client": [
        {
          "client_id": "1037591760771-3frb50nvqgpc6s78uie5grhuuugq8mhg.apps.googleusercontent.com",
          "client_type": 3
        }
      ],
      "api_key": [
        {
          "current_key": "AIzaSyAP9ukCF4oPRBpPkyL2PWUPsuMsdlPet0Q"
        }
      ],
      "services": {
        "appinvite_service": {
          "other_platform_oauth_client": [
            {
              "client_id": "1037591760771-3frb50nvqgpc6s78uie5grhuuugq8mhg.apps.googleusercontent.com",
              "client_type": 3
            }
          ]
        }
      }
    },
    {
      "client_info": {
        "mobilesdk_app_id": "1:1037591760771:android:88b670145d786733deb0b6",
        "android_client_info": {
          "package_name": "com.example.my_crew_admin"
        }
      },
      "oauth_client": [
        {
          "client_id": "1037591760771-3frb50nvqgpc6s78uie5grhuuugq8mhg.apps.googleusercontent.com",
          "client_type": 3
        }
      ],
      "api_key": [
        {
          "current_key": "AIzaSyAP9ukCF4oPRBpPkyL2PWUPsuMsdlPet0Q"
        }
      ],
      "services": {
        "appinvite_service": {
          "other_platform_oauth_client": [
            {
              "client_id": "1037591760771-3frb50nvqgpc6s78uie5grhuuugq8mhg.apps.googleusercontent.com",
              "client_type": 3
            }
          ]
        }
      }
    }
  ],
  "configuration_version": "1"
}